0001,'Zoraida','Taqqu'
0002,'Deidre','Clerihew'
0003,'Loreta','Leyva'
0004,'Deon','Ally'
0005,'Alice','Bello'
0006,'Spring','Dautzenberg'
0007,'Tu','Sartre'
0008,'Suzann','Georgi'
0009,'Remedios','Bruno'
0010,'Vonnie','Whitesides'
0011,'Aja','Orr'
0012,'Iliana','Houston'
0013,'Thao','Haus'
0014,'Jackeline','Anand-apte'
0015,'Geraldine','Henneman'
0016,'Kia','Reese'
0017,'Tomoko','Maynadier'
0018,'Reanna','Schifini'
0019,'Chau','Tohen'
0020,'Josefa','Cordova'
0021,'Lakeshia','Rutan'
0022,'Demetria','Parks'
0023,'Cecily','Siegfriedt'
0024,'Earl','Luoma'
0025,'Tiara','Matarazzo'
0026,'Niesha','Croshaw'
0027,'Jocelyn','Ritzau'
0028,'Keneth','Ptashne'
0029,'Alene','Rayport'
0030,'Priscila','Sirilli'
0031,'Margarett','Parson'
0032,'Rick','Crow'
0033,'Classie','Brownlee'
0034,'Wava','Britz'
0035,'Ginger','Gu'
0036,'Darrick','Menard'
